Official: Nima,nimal@gmail.com,ceo
Office_friend: kamal,kamal@gmail.com,clerk,2000/09/19
Personal: sunil,sun,sunil@gmail.com,2000/03/05
Personal: Tharshan,Tharsh,Tharsh@gmail.com,2000/08/09
Personal: Saadha,Saads,saadha.salim1@gmail.com,2000/09/19
Official: Selani,sela@gmail.com,AssistantManager
Office_friend: Sadheeya,saadha.salim1@gmail.com,instructor,2002/09/23
Personal: Mareeha,Mari,mareeha@gmail.com,1976/06/02
Personal: Saadha,Saads,saadha.salim1@gmail.com,2000/09/23
